{"v":"5.1.20","fr":25,"ip":0,"op":50,"w":296,"h":296,"nm":"浮窗","ddd":0,"assets":[{"id":"image_0","w":464,"h":328,"u":"images/","p":"img_0.png","e":0}],"layers":[{"ddd":0,"ind":1,"ty":2,"nm":"宝箱 2.png","cl":"png","refId":"image_0","sr":1,"ks":{"o":{"a":0,"k":100,"ix":11},"r":{"a":1,"k":[{"i":{"x":[0.667],"y":[1]},"o":{"x":[0.789],"y":[0.002]},"n":["0p667_1_0p789_0p002"],"t":20,"s":[0],"e":[-14]},{"i":{"x":[0.667],"y":[1]},"o":{"x":[0.333],"y":[0]},"n":["0p667_1_0p333_0"],"t":24,"s":[-14],"e":[8]},{"i":{"x":[0.667],"y":[1]},"o":{"x":[0.333],"y":[0]},"n":["0p667_1_0p333_0"],"t":29,"s":[8],"e":[-6]},{"i":{"x":[0.667],"y":[1]},"o":{"x":[0.333],"y":[0]},"n":["0p667_1_0p333_0"],"t":34,"s":[-6],"e":[6]},{"i":{"x":[0.667],"y":[1]},"o":{"x":[0.333],"y":[0]},"n":["0p667_1_0p333_0"],"t":37,"s":[6],"e":[-4]},{"i":{"x":[0.653],"y":[0.909]},"o":{"x":[0.298],"y":[0]},"n":["0p653_0p909_0p298_0"],"t":41,"s":[-4],"e":[2]},{"i":{"x":[0.692],"y":[0.834]},"o":{"x":[0.349],"y":[-0.091]},"n":["0p692_0p834_0p349_-0p091"],"t":44,"s":[2],"e":[-2]},{"i":{"x":[0.79],"y":[1]},"o":{"x":[0.43],"y":[-0.462]},"n":["0p79_1_0p43_-0p462"],"t":46,"s":[-2],"e":[0]},{"t":48}],"ix":10},"p":{"a":0,"k":[127,224,0],"ix":2},"a":{"a":0,"k":[190,316,0],"ix":1},"s":{"a":0,"k":[50,50,100],"ix":6}},"ao":0,"ip":0,"op":90,"st":15,"bm":0}],"markers":[]}